<?xml version="1.0" encoding="utf-8"?>
<extension type="module" version="3.1" client="site" method="upgrade">
	<name>SP Visit Frequency</name>
	<author>Adolfo Zignago</author>
	<creationDate>April 2022</creationDate>
	<copyright>Copyright (C) 2020 eSmartIT. All rights reserved.</copyright>
	<license>GNU General Public License version 2 or later; see LICENSE.txt</license>
	<authorEmail>adolfo.zignago@esmartit.es</authorEmail>
	<authorUrl>www.esmartit.es</authorUrl>
	<version>1.0.0</version>
	<description>MOD_SPVISITFREQUENCY_XML_DESCRIPTION</description>
	<files>
		<filename module="mod_spvisitfrequency">mod_spvisitfrequency.php</filename>
		<filename>helper.php</filename>
		<folder>tmpl</folder>
	</files>
	<media folder="media" destination="mod_spvisitfrequency">
		<folder>js</folder>
	</media>
	<languages>
		<language tag="en-GB">en-GB.mod_spvisitfrequency.ini</language>
		<language tag="en-GB">en-GB.mod_spvisitfrequency.sys.ini</language>
	</languages>
	<help key="JHELP_EXTENSIONS_MODULE_MANAGER_ADMIN_SPVISITFREQUENCY" />
	<config>
		<fields name="params">
			<fieldset name="basic">
				<field
					name="context"
					type="text"
					label="MOD_SPVISITFREQUENCY_GROUP_LABEL"
					description="MOD_SPVISITFREQUENCY_GROUP_DESC"
					default="mod_spvisitfrequency"
				/>
			</fieldset>
			<fieldset name="advanced">
				<field
					name="layout"
					type="modulelayout"
					label="JFIELD_ALT_LAYOUT_LABEL"
					description="JFIELD_ALT_MODULE_LAYOUT_DESC"
				/>

				<field
					name="moduleclass_sfx"
					type="textarea"
					label="COM_MODULES_FIELD_MODULECLASS_SFX_LABEL"
					description="COM_MODULES_FIELD_MODULECLASS_SFX_DESC"
					rows="3"
				/>

				<field
					name="cache"
					type="list"
					label="COM_MODULES_FIELD_CACHING_LABEL"
					description="COM_MODULES_FIELD_CACHING_DESC"
					default="1"
					filter="integer"
					>
					<option value="1">JGLOBAL_USE_GLOBAL</option>
					<option value="0">COM_MODULES_FIELD_VALUE_NOCACHING</option>
				</field>

				<field
					name="cache_time"
					type="number"
					label="COM_MODULES_FIELD_CACHE_TIME_LABEL"
					description="COM_MODULES_FIELD_CACHE_TIME_DESC"
					default="900"
					filter="integer"
				/>
			</fieldset>
		</fields>
	</config>
</extension>
